{
  "mean": [
    76.521848768398,
    70.00715518165657,
    6.514693586741414,
    0.09849102280042238,
    38.79941431738042,
    40.05199590687053,
    -1.2525815894902639,
    0.9851905974400507,
    36.561665252965206,
    0.06166525296523139,
    0.4963432510903627,
    0.018571575577483613,
    0.011498657165347044,
    2.64975,
    -0.03005320405553987,
    0.002390908599010445,
    11.483433995671282,
    0.48675,
    0.0,
    0.5
  ],
  "scale": [
    12.47088429138911,
    4.998999651711244,
    13.348534302476738,
    0.19509041991220577,
    10.088983465290534,
    5.0450888144981585,
    11.32231481999167,
    0.2901819869944058,
    0.249869046584839,
    0.24986904658483877,
    0.28885941858773745,
    0.705427028541942,
    0.7084458940994948,
    1.9751139049432078,
    4.026927549372246,
    0.7461429522703321,
    3.153872496137019,
    0.8659240367953414,
    1.0,
    1.0
  ],
  "feature_names": [
    "current_hr",
    "baseline_hr",
    "hr_delta",
    "hr_percentile",
    "current_hrv",
    "baseline_hrv",
    "hrv_delta",
    "hrv_ratio",
    "temperature",
    "temp_delta",
    "activity_level",
    "time_of_day_sin",
    "time_of_day_cos",
    "day_of_week",
    "hr_trend_5min",
    "hr_trend_15min",
    "hr_variability",
    "stress_duration",
    "recent_false_positives",
    "user_trust_score"
  ]
}